city_name,Lat,Lng,Max_temperature,humidity,cloudiness,wind_speed,country,date
Henties Bay,-22.116,14.2845,68.0,89,52,11.43,NA,1612912500
Bethel,41.3712,-73.414,27.0,91,100,3.47,US,1612912501
Saint-François,46.4154,3.9054,37.4,93,75,4.61,FR,1612912501
Ushuaia,-54.8,-68.3,69.8,68,40,2.3,AR,1612912501
Mar del Plata,-38.0023,-57.5575,66.2,82,75,13.8,AR,1612912502
Kruisfontein,-34.0033,24.7314,64.0,90,5,1.01,ZA,1612912502
Brønnøysund,65.4625,12.1997,21.2,68,21,12.66,NO,1612912502
Yumen,40.2833,97.2,32.11,76,44,15.84,CN,1612912503
Albany,42.6001,-73.9662,26.01,73,94,3.24,US,1612912503
Dikson,73.5069,80.5464,-26.99,87,100,9.91,RU,1612912503
Ossora,59.2353,163.0719,28.6,97,100,42.84,RU,1612912504
Vaini,-21.2,-175.2,77.0,100,90,21.85,TO,1612912504
Castro,-24.7911,-50.0119,61.92,84,93,6.33,BR,1612912505
Vanimo,-2.6741,141.3028,81.72,76,55,3.56,PG,1612912506
San Cristobal,7.7669,-72.225,84.2,61,40,11.5,VE,1612912506
Ulladulla,-35.35,150.4667,64.0,94,75,8.05,AU,1612912507
‘Ewa Beach,21.3156,-158.0072,78.8,41,20,11.5,US,1612912507
Bluff,-46.6,168.3333,53.71,91,100,15.1,NZ,1612912507
Departamento de Maldonado,-34.6667,-54.9167,69.01,88,75,12.66,UY,1612912507
Mataura,-46.1927,168.8643,50.0,92,100,8.52,NZ,1612912507
Jamestown,42.097,-79.2353,21.0,79,90,4.61,US,1612912508
Geraldton,-28.7667,114.6,62.6,88,40,10.36,AU,1612912508
Punta Arenas,-53.15,-70.9167,68.0,56,0,8.05,CL,1612912508
Mitú,1.1983,-70.1733,75.54,96,100,2.46,CO,1612912509
Turan,16.0678,108.2208,69.8,73,75,2.3,VN,1612912509
Bredasdorp,-34.5322,20.0403,59.0,88,27,2.3,ZA,1612912509
Port Alfred,-33.5906,26.891,66.99,94,20,3.09,ZA,1612912510
Busselton,-33.65,115.3333,57.0,96,68,10.89,AU,1612912510
Qaanaaq,77.484,-69.3632,14.34,73,0,2.51,GL,1612912511
Sitka,57.0531,-135.33,17.6,45,1,17.27,US,1612912511
Rikitea,-23.1203,-134.9692,78.78,70,40,5.03,PF,1612912512
Yuma,32.7253,-114.6244,75.99,23,75,3.44,US,1612912377
Luanda,-8.8368,13.2343,78.8,83,75,3.44,AO,1612912512
Saint-Philippe,-21.3585,55.7679,78.8,65,40,3.44,RE,1612912513
Atuona,-9.8,-139.0333,79.54,73,47,17.54,PF,1612912513
Te Anau,-45.4167,167.7167,50.5,84,99,4.7,NZ,1612912513
Marrakesh,31.6315,-8.0083,57.2,88,75,2.3,MA,1612912466
Mbaïki,3.8678,17.9892,69.87,22,97,2.51,CF,1612912514
Makakilo City,21.3469,-158.0858,78.8,41,20,11.5,US,1612912514
East London,-33.0153,27.9116,70.93,81,0,3.11,ZA,1612912514
Cherskiy,68.75,161.3,-4.13,84,2,2.8,RU,1612912515
Lyman,48.9884,37.8023,34.3,97,100,10.18,UA,1612912515
Saskylakh,71.9167,114.0833,-24.65,83,0,8.88,RU,1612912515
Yellowknife,62.456,-114.3525,-4.0,77,75,16.11,CA,1612912516
Chui,-33.6971,-53.4616,67.62,86,0,6.46,UY,1612912516
New Norfolk,-42.7826,147.0587,64.0,55,11,1.01,AU,1612912517
Broken Hill,-31.95,141.4333,78.8,27,0,8.05,AU,1612912517
Ribas do Rio Pardo,-20.4431,-53.7592,74.46,71,42,8.25,BR,1612912518
Ancud,-41.8697,-73.8203,75.2,43,0,4.61,CL,1612912519
Vanavara,60.34,102.2797,3.96,92,99,11.07,RU,1612912519
Coquimbo,-29.9533,-71.3436,62.6,82,40,10.36,CL,1612912520
São Filipe,14.8961,-24.4956,70.23,75,94,9.37,CV,1612912520
Saint Paul Harbor,57.79,-152.4072,33.8,86,90,2.84,US,1612912373
Yurkivka,49.0126,31.1013,21.67,95,99,4.21,UA,1612912520
Guymon,36.6828,-101.4816,21.2,79,90,8.05,US,1612912521
Inhambane,-23.865,35.3833,78.93,84,10,10.83,MZ,1612912521
Thompson,55.7435,-97.8558,-23.8,69,75,4.61,CA,1612912504
Ponta do Sol,32.6667,-17.1,59.0,70,68,1.99,PT,1612912522
Richards Bay,-28.783,32.0377,75.04,91,88,3.13,ZA,1612912522
Hermanus,-34.4187,19.2345,63.0,91,14,9.13,ZA,1612912523
Russell,32.3502,-85.1999,63.0,82,90,4.61,US,1612912523
Angren,41.0167,70.1436,43.09,62,98,2.68,UZ,1612912523
Hithadhoo,-0.6,73.0833,82.17,80,60,14.05,MV,1612912523
Nikolskoye,59.7035,30.7861,3.99,84,20,2.24,RU,1612912523
Port Hardy,50.6996,-127.4199,35.6,60,75,6.91,CA,1612912505
Hilo,19.7297,-155.09,71.6,78,90,13.8,US,1612912395
Shar,49.5886,81.0453,-7.49,84,0,9.37,KZ,1612912524
Goma,-1.6792,29.2228,64.96,71,88,1.83,CD,1612912525
Pizarro,4.9533,-77.366,79.48,86,72,4.63,CO,1612912525
Faanui,-16.4833,-151.75,82.17,71,0,12.66,PF,1612912526
Hobart,-42.8794,147.3294,64.0,58,20,4.61,AU,1612912526
Road Town,18.4167,-64.6167,78.8,73,40,10.36,VG,1612912526
Lebu,-37.6167,-73.65,63.72,77,1,11.77,CL,1612912527
Amapá,1.0,-52.0,73.22,96,99,4.63,BR,1612912527
Barrow,71.2906,-156.7887,-25.6,68,1,16.11,US,1612912527
Cape Town,-33.9258,18.4232,69.01,77,0,17.27,ZA,1612912395
Darhan,49.4867,105.9228,11.39,88,55,1.61,MN,1612912528
Victor Harbor,-35.5667,138.6167,82.0,36,0,4.65,AU,1612912528
Havre-St-Pierre,50.2334,-63.5986,12.2,57,1,14.97,CA,1612912529
The Valley,18.217,-63.0578,79.0,79,37,13.0,AI,1612912529
Verkhnyaya Inta,65.9811,60.3094,-28.19,85,53,6.76,RU,1612912529
Beringovskiy,63.05,179.3167,-8.16,90,97,12.57,RU,1612912530
Skjervøy,70.0311,20.9714,25.45,92,100,15.52,NO,1612912530
Kalmunai,7.4167,81.8167,72.36,80,77,8.3,LK,1612912531
Westport,41.1415,-73.3579,30.2,80,90,10.36,US,1612912531
Oudtshoorn,-33.5907,22.2014,68.0,83,75,2.3,ZA,1612912531
Grand Gaube,-20.0064,57.6608,75.0,82,5,3.0,MU,1612912531
La Ronge,55.1001,-105.2842,-18.4,57,100,8.05,CA,1612912532
Terråk,65.087,12.3715,21.2,68,39,12.66,NO,1612912532
Bonthe,7.5264,-12.505,79.68,84,76,7.76,SL,1612912532
Bengkulu,-3.8004,102.2655,75.38,86,95,4.34,ID,1612912327
Necochea,-38.5473,-58.7368,63.0,74,12,3.0,AR,1612912285
Chokurdakh,70.6333,147.9167,-14.17,87,15,3.33,RU,1612912533
Itarema,-2.9248,-39.9167,77.81,88,100,6.22,BR,1612912533
Pacifica,37.6138,-122.4869,57.99,67,90,11.5,US,1612912533
Isangel,-19.55,169.2667,86.0,66,40,8.05,VU,1612912534
Esperance,-33.8667,121.9,57.2,88,0,4.61,AU,1612912534
Port-Gentil,-0.7193,8.7815,80.6,94,20,9.42,GA,1612912534
Lompoc,34.6391,-120.4579,55.99,71,1,14.97,US,1612912535
Bontang,0.1333,117.5,77.5,87,7,3.15,ID,1612912536
Mahébourg,-20.4081,57.7,77.0,83,40,9.91,MU,1612912536
Lavrentiya,65.5833,-171.0,-10.79,78,0,15.14,RU,1612912536
Coyhaique,-45.5752,-72.0662,86.0,28,0,8.05,CL,1612912536
Breves,-1.6822,-50.4803,75.51,95,68,5.44,BR,1612912536
Tuatapere,-46.1333,167.6833,52.59,90,100,9.22,NZ,1612912537
Ajdabiya,30.7554,20.2263,61.7,32,0,7.7,LY,1612912537
St-Jean-Port-Joli,47.2171,-70.2658,8.6,71,56,4.61,CA,1612912537
Vila Franca do Campo,37.7167,-25.4333,61.0,94,75,21.85,PT,1612912537
Kiryat Gat,31.61,34.7642,57.99,87,0,3.44,IL,1612912538
Katsuura,35.1333,140.3,41.0,41,75,10.36,JP,1612912337
Konongo,6.6167,-1.2167,78.37,80,59,3.6,GH,1612912538
Kaitangata,-46.2817,169.8464,55.99,87,100,5.99,NZ,1612912538
Tommot,58.9564,126.2925,-5.66,89,99,1.28,RU,1612912539
Wanning,18.8003,110.3967,62.71,92,100,11.25,CN,1612912539
Ribeira Grande,38.5167,-28.7,60.24,86,100,9.44,PT,1612912539
Sorong,-0.8833,131.25,81.14,80,100,4.76,ID,1612912539
Rongcheng,30.634,117.8517,48.04,82,100,0.94,CN,1612912540
Kahului,20.8947,-156.47,77.0,50,40,16.11,US,1612912540
Caravelas,-17.7125,-39.2481,75.43,80,70,5.79,BR,1612912540
Norman Wells,65.282,-126.8329,-34.6,67,20,5.75,CA,1612912540
São Luiz Gonzaga,-28.4083,-54.9608,71.53,73,92,7.47,BR,1612912541
Udachny,66.4167,112.4,-25.15,82,39,7.16,RU,1612912541
Naze,28.3667,129.4833,57.2,72,75,4.61,JP,1612912541
Ola,59.5833,151.2833,20.1,93,100,29.59,RU,1612912542
Ferkessédougou,9.6,-5.2,79.05,17,46,3.67,CI,1612912542
Yabēlo,4.8833,38.0833,60.89,58,43,11.56,ET,1612912543
Roald,62.5833,6.1333,28.4,64,90,10.36,NO,1612912543
Tasiilaq,65.6145,-37.6368,14.0,67,90,12.66,GL,1612912543
Laguna,38.421,-121.4238,66.2,52,1,6.91,US,1612912544
Avera,33.194,-82.5271,66.2,88,90,3.15,US,1612912544
Kapaa,22.0752,-159.319,73.4,46,1,14.97,US,1612912488
Tuktoyaktuk,69.4541,-133.0374,-38.2,74,20,8.05,CA,1612912544
Bilibino,68.0546,166.4372,-5.78,87,0,3.13,RU,1612912545
Krapkowice,50.4752,17.9654,19.99,10,93,4.0,PL,1612912546
Butaritari,3.0707,172.7902,81.27,82,43,14.54,KI,1612912546
Santa Maria,-29.6842,-53.8069,78.8,78,20,4.61,BR,1612912547
Cabo San Lucas,22.8909,-109.9124,73.99,60,1,14.97,MX,1612912256
Panzhihua,26.5851,101.7128,36.0,83,0,0.51,CN,1612912548
Waipawa,-41.4122,175.5153,61.0,88,75,26.46,NZ,1612912548
Avarua,-21.2078,-159.775,86.0,70,40,3.44,CK,1612912548
Souillac,-20.5167,57.5167,77.0,83,40,8.46,MU,1612912549
Makkah al Mukarramah,21.4267,39.8261,73.0,49,0,1.14,SA,1612912339
Hauterive,46.0901,3.4459,46.4,66,75,11.5,FR,1612912549
Gouré,13.9835,10.2704,68.41,21,0,7.92,NE,1612912550
Touros,-5.1989,-35.4608,82.4,74,40,12.66,BR,1612912550
Oga,46.4631,10.347,41.0,100,75,2.3,IT,1612912551
Codrington,-38.2667,141.9667,69.08,60,0,7.34,AU,1612912551
Khatanga,71.9667,102.5,-14.12,85,2,8.37,RU,1612912552
Klaksvík,62.2266,-6.589,30.2,74,94,1.14,FO,1612912552
Puerto Ayora,-0.7393,-90.3518,82.4,74,40,13.8,EC,1612912553
Provideniya,64.3833,-173.3,-0.4,65,0,29.08,RU,1612912555
Phan Thiet,10.9333,108.1,72.28,83,27,2.95,VN,1612912326
Pevek,69.7008,170.3133,-5.51,73,0,1.66,RU,1612912555
Nouadhibou,20.931,-17.0347,62.6,82,0,16.11,MR,1612912556
Tiksi,71.6872,128.8694,-15.0,83,100,2.06,RU,1612912557
Jacqueville,5.2052,-4.4146,80.6,100,20,5.75,CI,1612912557
Halifax,44.6453,-63.5724,23.0,54,75,13.8,CA,1612912509
Korla,41.7597,86.1469,28.81,84,58,5.88,CN,1612912558
Lagos,6.5833,3.75,84.2,84,20,8.05,NG,1612912508
Ilhabela,-23.7781,-45.3581,73.44,78,60,5.99,BR,1612912560
Vidim,56.4088,103.1106,5.36,92,100,3.0,RU,1612912560
Kluang,2.0251,103.3328,75.2,94,20,1.14,MY,1612912560
São Gabriel da Cachoeira,-0.1303,-67.0892,77.99,89,100,0.98,BR,1612912561
Sergeevka,53.88,67.4158,-19.19,86,98,10.27,KZ,1612912561
Los Llanos de Aridane,28.6585,-17.9182,62.6,72,0,6.91,ES,1612912561
Paris,48.8534,2.3488,30.2,93,90,14.97,FR,1612912270
Urusha,54.05,122.9,-1.14,93,82,1.66,RU,1612912562
Nome,64.5011,-165.4064,-0.4,46,1,17.27,US,1612912562
Salalah,17.0151,54.0924,77.0,44,0,12.66,OM,1612912563
Hong Kong,22.2855,114.1577,64.0,84,99,4.0,HK,1612912458
Ginir,7.1333,40.7,56.41,73,67,6.33,ET,1612912563
Abalak,58.1286,68.5944,-22.76,88,60,4.61,RU,1612912563
Varhaug,58.6147,5.6457,12.0,78,0,2.3,NO,1612912563
Bambous Virieux,-20.3428,57.7575,77.0,83,40,9.93,MU,1612912563
Iracoubo,5.4802,-53.2011,77.43,78,82,11.99,GF,1612912564
Cockburn Town,21.4612,-71.1419,77.49,80,29,20.18,TC,1612912564
Saint-Pierre,-21.3393,55.4781,78.8,65,40,3.44,RE,1612912564
Hinton,53.4001,-117.5857,-11.2,49,74,5.75,CA,1612912451
Sterling,39.0062,-77.4286,41.0,60,75,5.75,US,1612912453
Severo-Kuril'sk,50.6789,156.125,26.46,94,100,18.1,RU,1612912565
Camaná,-16.6228,-72.7111,73.15,77,61,5.7,PE,1612912565
Ixtapa,20.7,-105.2,73.4,73,1,12.66,MX,1612912566
Fortuna,40.5982,-124.1573,55.99,82,20,6.91,US,1612912566
Sakakah,29.9697,40.2064,55.4,62,0,4.61,SA,1612912566
Follonica,42.9263,10.7616,55.0,85,100,6.62,IT,1612912566
Srandakan,-7.9386,110.2506,76.91,86,100,3.02,ID,1612912566
Vao,-22.6667,167.4833,77.81,83,8,9.46,NC,1612912567
Osypenko,46.9136,36.8253,32.0,100,10,8.01,UA,1612912567
Mayo,38.8876,-76.5119,42.8,61,75,11.5,US,1612912567
Saint George,37.1041,-113.5841,63.0,21,20,3.44,US,1612912283
Kokopo,-4.352,152.2633,82.08,79,98,6.22,PG,1612912568
Carutapera,-1.195,-46.02,80.01,77,93,6.82,BR,1612912570
George Town,5.4112,100.3354,78.8,88,20,1.14,MY,1612912570
Cidreira,-30.1811,-50.2056,74.73,81,4,17.27,BR,1612912570
Pemba,-12.974,40.5178,77.0,94,75,11.5,MZ,1612912570
Poum,-20.2333,164.0167,80.58,68,0,12.28,NC,1612912571
Paraíso,9.8383,-83.8656,71.6,68,40,19.57,CR,1612912571
Mount Isa,-20.7333,139.5,86.0,70,40,5.75,AU,1612912571
Abu Dhabi,24.4667,54.3667,69.8,88,20,6.91,AE,1612912477
Valle del Guamuez,0.4525,-76.9192,77.0,94,75,4.61,CO,1612912572
Mirny,62.5353,113.9611,-11.16,90,100,8.43,RU,1612912573
Houma,29.5958,-90.7195,72.0,68,1,9.22,US,1612912573
Kattivākkam,13.2167,80.3167,71.6,78,40,2.3,IN,1612912573
Sharjah city,25.3573,55.4033,69.8,94,90,4.61,AE,1612912574
Moundou,8.5667,16.0833,71.02,20,38,2.08,TD,1612912574
Yangi Marg`ilon,40.4272,71.7189,46.4,76,100,4.61,UZ,1612912575
Huilong,31.8111,121.655,46.99,79,100,1.99,CN,1612912575
Saldanha,-33.0117,17.9442,66.2,77,0,14.97,ZA,1612912576
Suoyarvi,62.0833,32.35,-4.49,92,0,0.69,RU,1612912576
Chapais,49.7834,-74.8492,5.0,92,90,3.44,CA,1612912576
Plettenberg Bay,-34.0527,23.3716,65.68,86,10,3.67,ZA,1612912577
Tottori-shi,35.5,134.2333,37.4,70,75,9.22,JP,1612912577
Abu Samrah,35.3029,37.1841,56.03,61,100,1.52,SY,1612912577
Forsytheganj,52.6333,29.7333,8.28,96,85,4.23,BY,1612912577
Ashland,40.8167,-82.2665,19.99,79,90,5.75,US,1612912578
Dingle,10.9995,122.6711,74.61,92,86,4.45,PH,1612912578
Yining,29.0361,114.5636,49.77,90,100,1.99,CN,1612912578
Belmonte,-15.8631,-38.8828,77.0,78,20,4.61,BR,1612912579
Carnarvon,-24.8667,113.6333,75.2,94,75,19.57,AU,1612912579
Gravelbourg,49.8834,-106.5512,-14.8,64,75,21.85,CA,1612912579
Warmbad,-28.45,18.7333,82.15,27,0,7.49,NA,1612912580
Lukovetskiy,64.2956,41.9211,-4.0,77,90,2.53,RU,1612912580
Torbay,47.6666,-52.7314,33.01,93,90,31.07,CA,1612912581
Khovd,48.0056,91.6419,24.01,91,34,4.23,MN,1612912581
Meulaboh,4.1363,96.1285,77.38,86,30,3.27,ID,1612912581
Pouébo,-20.4,164.5667,82.72,56,2,3.98,NC,1612912582
Upernavik,72.7868,-56.1549,10.18,75,14,0.94,GL,1612912582
Los Andes,-32.8337,-70.5983,80.01,64,0,3.0,CL,1612912582
Leningradskiy,69.3833,178.4167,-26.07,83,30,10.65,RU,1612912582
Sinnamary,5.3833,-52.95,77.02,80,89,11.92,GF,1612912583
Lagoa,39.05,-27.9833,59.04,89,100,9.66,PT,1612912583
Makīnsk,52.6292,70.4169,-25.11,86,90,11.56,KZ,1612912584
Gurupá,-1.405,-51.64,75.33,95,100,3.4,BR,1612912584
Chinsali,-10.5414,32.0816,64.29,98,100,2.28,ZM,1612912584
Port Elizabeth,-33.918,25.5701,66.2,94,0,5.75,ZA,1612912576
Ineu,46.4333,21.85,43.0,100,90,9.22,RO,1612912585
Faya,18.3851,42.4509,48.2,87,0,4.52,SA,1612912585
Chara,56.9064,118.2631,8.73,82,100,0.18,RU,1612912585
La Unión,-5.4,-80.75,81.63,59,38,16.13,PE,1612912586
Narsaq,60.9167,-46.05,33.8,29,20,36.82,GL,1612912586
Shestakovo,56.4915,103.96,5.61,90,100,4.21,RU,1612912586
Newport,51.5877,-2.9984,32.0,81,90,22.97,GB,1612912586
Barra de Tecoanapa,16.5167,-98.75,82.33,64,0,11.63,MX,1612912587
Lichinga,-13.3128,35.2406,66.2,100,75,8.05,MZ,1612912587
Namatanai,-3.6667,152.4333,82.47,77,97,4.43,PG,1612912588
Cabedelo,-6.9811,-34.8339,80.6,78,20,8.05,BR,1612912588
Tongliao,43.6125,122.2653,10.99,92,12,7.34,CN,1612912588
Cayenne,4.9333,-52.3333,78.8,73,75,6.91,GF,1612912589
Longyearbyen,78.2186,15.6401,15.8,86,75,2.3,SJ,1612912589
Giyani,-23.3025,30.7187,71.11,88,3,6.53,ZA,1612912589
Qasigiannguit,68.8193,-51.1922,17.6,49,0,4.61,GL,1612912590
Rawson,-43.3002,-65.1023,71.31,42,100,25.99,AR,1612912590
Sørland,67.667,12.6934,30.83,81,4,16.4,NO,1612912590
Aguazul,5.1728,-72.5471,85.32,47,63,8.39,CO,1612912590
Constitución,-35.3333,-72.4167,65.52,77,12,6.98,CL,1612912591
Tongchuanshi,35.0806,109.0897,39.06,69,0,2.19,CN,1612912591
Taoudenni,22.6783,-3.9836,66.2,23,0,10.04,ML,1612912592
Guerrero Negro,27.9769,-114.0611,65.41,57,34,12.35,MX,1612912592
Margate,51.3813,1.3862,33.01,59,99,4.0,GB,1612912592
Padang,-0.9492,100.3543,75.2,94,20,1.14,ID,1612912592
Manchester,53.4809,-2.2374,33.01,86,20,10.36,GB,1612912432
Santa Cruz de la Sierra,-17.8,-63.1667,69.8,88,90,14.97,BO,1612912470
Griffith,41.5284,-87.4237,17.6,53,1,3.44,US,1612912593
Sioux Lookout,50.1001,-91.917,-13.0,64,75,8.05,CA,1612912593
Martinez,38.0194,-122.1341,63.0,45,90,9.22,US,1612912594
Kodinsk,58.6881,99.1844,-0.42,87,100,7.47,RU,1612912594
Avila,40.5833,-5.0,39.0,89,86,5.01,ES,1612912595
Dourados,-22.2211,-54.8056,71.62,72,73,4.54,BR,1612912342
Okha,53.5739,142.9478,9.21,95,63,18.5,RU,1612912595
Ghanzi,-21.5667,21.7833,66.36,91,82,6.44,BW,1612912595
Olafsvik,64.8945,-23.7142,28.89,93,100,21.45,IS,1612912596
Talara,-4.5772,-81.2719,75.36,80,4,10.85,PE,1612912596
Riwaka,-41.0833,173.0,72.0,70,4,3.0,NZ,1612912596
Kozhva,65.1073,57.0459,-21.26,87,92,2.04,RU,1612912597
Meadow Lake,34.8014,-106.5436,64.99,8,75,19.57,US,1612912597
Lenina,46.0667,39.7833,40.5,90,5,10.29,RU,1612912597
Haines Junction,60.7522,-137.5108,-18.4,47,80,1.14,CA,1612912598
Itoman,26.1247,127.6694,62.6,67,20,10.36,JP,1612912466
Talwandi Bhai,30.85,74.9333,51.51,46,0,5.79,IN,1612912598
Nola,40.922,14.5329,55.99,80,75,6.13,IT,1612912598
Zhigansk,66.7697,123.3711,-26.61,83,0,1.16,RU,1612912599
Karaton,-6.3424,106.1045,80.01,88,99,2.3,ID,1612912599
Bilma,18.6853,12.9164,68.99,20,16,9.35,NE,1612912599
Kosum Phisai,16.2486,103.0674,66.99,94,75,5.75,TH,1612912599
Pimentel,-6.8367,-79.9342,75.2,69,0,16.11,PE,1612912600
Presidencia Roque Sáenz Peña,-26.7852,-60.4388,68.0,93,77,1.01,AR,1612912600
Leverkusen,51.0333,7.0,18.0,58,27,6.24,DE,1612912554
Khandyga,62.6667,135.6,-21.89,85,37,2.21,RU,1612912601
Dubbo,-32.25,148.6167,71.6,56,0,16.11,AU,1612912602
Marzuq,14.4,46.4667,53.46,63,40,3.78,YE,1612912603
Lüderitz,-26.6481,15.1594,69.33,66,0,12.59,NA,1612912603
Clyde River,70.4692,-68.5914,1.4,85,20,2.3,CA,1612912603
Metro,-5.1131,105.3067,74.48,94,100,2.48,ID,1612912603
Marsá Maţrūḩ,31.3525,27.2453,53.6,87,0,3.44,EG,1612912604
Pauini,-7.7136,-66.9764,77.72,86,82,2.98,BR,1612912604
Mount Gambier,-37.8333,140.7667,69.8,64,0,5.75,AU,1612912604
Emerald,-23.5333,148.1667,77.0,69,90,11.5,AU,1612912325
Muisne,0.6,-80.0333,78.8,89,75,8.05,EC,1612912605
Shellbrook,53.2168,-106.4011,-13.0,58,90,14.97,CA,1612912606
Usinsk,65.9939,57.5281,-23.75,87,94,3.42,RU,1612912606
Terney,45.0503,136.6092,9.07,87,17,11.05,RU,1612912607
Ambilobe,-13.2,49.05,74.77,91,100,1.54,MG,1612912607
Redmond,47.674,-122.1215,42.01,69,83,3.58,US,1612912540
Arraial do Cabo,-22.9661,-42.0278,74.97,82,77,4.23,BR,1612912607
West Sacramento,38.5805,-121.5302,66.0,52,1,6.91,US,1612912355
Lisala,2.15,21.5167,71.02,34,64,1.14,CD,1612912608
Bali,-8.5,115.0,80.6,83,75,9.22,ID,1612912609
Merauke,-8.4667,140.3333,80.08,85,100,9.6,ID,1612912609
Yulara,-25.2406,130.9889,86.0,58,20,10.36,AU,1612912609
La Rioja,42.25,-2.5,41.0,93,20,2.3,ES,1612912609
Ndioum,16.5129,-14.6471,77.0,36,0,2.3,SN,1612912609
Worcester,42.3334,-71.8328,24.01,86,90,4.61,US,1612912506
Kushtagi,15.7667,76.2,62.71,48,5,6.29,IN,1612912610
Chifeng,42.2683,118.9636,16.3,89,12,8.08,CN,1612912610
San Alberto,7.7611,-73.3922,86.0,54,52,3.56,CO,1612912610
Adeje,28.1227,-16.726,64.4,68,75,5.75,ES,1612912611
Port Blair,11.6667,92.75,73.33,69,7,10.76,IN,1612912611
Saint-Joseph,-21.3667,55.6167,78.8,65,40,3.44,RE,1612912611
Bahía Blanca,-38.7196,-62.2724,73.69,41,0,17.78,AR,1612912612
Pundaguitan,6.3711,126.1689,80.82,81,100,5.86,PH,1612912613
Toamasina,-18.1667,49.3833,77.0,94,75,1.14,MG,1612912613
Iqaluit,63.7506,-68.5145,3.2,85,20,0.63,CA,1612912614
Hamilton,39.1834,-84.5333,28.99,74,90,9.22,US,1612912540
Kavieng,-2.5744,150.7967,84.24,75,100,9.91,PG,1612912614
Bulgan,48.8125,103.5347,19.85,80,79,1.07,MN,1612912616
Cairns,-16.9167,145.7667,84.2,79,40,6.91,AU,1612912616
San Policarpo,12.1791,125.5072,78.39,85,100,19.26,PH,1612912616
Urbano Santos,-3.2078,-43.4036,74.68,93,96,2.06,BR,1612912616
São João da Barra,-21.6403,-41.0511,74.05,88,70,6.29,BR,1612912617
Zeya,53.75,127.2667,-10.52,89,25,1.63,RU,1612912617
Hasaki,35.7333,140.8333,35.6,55,40,4.61,JP,1612912480
Ulaangom,49.9811,92.0667,6.66,87,73,0.51,MN,1612912618
Luganville,-15.5333,167.1667,85.08,63,86,1.66,VU,1612912618
Austin,30.2672,-97.7431,59.0,62,90,13.8,US,1612912899
Khotynets,53.1286,35.3966,5.27,95,94,7.02,RU,1612912619
Sarangani,5.4033,125.4636,81.59,81,100,10.04,PH,1612912619
Kirovsk,48.6375,38.6428,34.7,96,97,11.86,UA,1612912619
Athabasca,54.7169,-113.2854,-13.0,63,100,17.27,CA,1612912506
Pisco,-13.7,-76.2167,77.0,69,0,21.85,PE,1612912465
Cikupa,-6.2364,106.5083,79.0,88,100,2.3,ID,1612912620
Sfântu Gheorghe,45.8667,25.7833,48.0,78,95,1.01,RO,1612912621
Port Lincoln,-34.7333,135.8667,74.44,51,15,9.35,AU,1612912622
Sur,22.5667,59.5289,69.96,71,100,11.48,OM,1612912622
Northam,51.0333,-4.2167,33.01,73,98,13.0,GB,1612912623
Slonim,53.0867,25.3219,9.81,96,89,5.21,BY,1612912623
Arlit,18.7369,7.3853,71.02,18,19,11.23,NE,1612912623
Vestmannaeyjar,63.4427,-20.2734,38.35,76,100,12.57,IS,1612912623
Burnie,-41.0667,145.9167,60.01,59,31,5.99,AU,1612912623
Aden,12.7794,45.0367,75.09,78,34,10.22,YE,1612912335
Bereznehuvate,47.3078,32.8499,34.0,91,90,6.93,UA,1612912624
Staryy Nadym,65.6118,72.6842,-27.62,84,51,10.51,RU,1612912624
Nanortalik,60.1432,-45.2371,28.74,86,55,16.84,GL,1612912624
Arrondissement de Saint-Denis,48.9167,2.3333,30.2,86,90,13.8,FR,1612912624
Calvià,39.5657,2.5062,59.0,88,40,13.8,ES,1612912599
Pushkino,56.0172,37.8667,8.6,78,90,13.42,RU,1612912625
Corinth,37.9407,22.9573,52.0,76,19,1.99,GR,1612912625
San Jose,37.3394,-121.895,63.0,48,90,9.22,US,1612912487
Bull Savanna,17.8868,-77.5902,75.87,79,94,10.27,JM,1612912625
Egvekinot,66.3167,-179.1667,-12.6,77,52,9.44,RU,1612912625
Dogondoutchi,13.6393,4.0287,72.5,17,1,8.41,NE,1612912626
Jérémie,18.65,-74.1167,77.7,68,99,1.23,HT,1612912626
Samarai,-10.6167,150.6667,83.93,68,100,4.5,PG,1612912626
Ostrovnoy,68.0531,39.5131,4.24,92,94,15.12,RU,1612912626
Anadyr,64.75,177.4833,6.8,51,64,15.66,RU,1612912626
Iralaya,15.0,-83.2333,82.4,74,20,11.16,HN,1612912627
Ekhabi,53.5102,142.9671,8.56,96,62,18.54,RU,1612912627
Patacamaya,-17.2333,-67.9167,53.47,62,88,13.38,BO,1612912627
Kudat,6.8837,116.8477,75.2,100,20,2.3,MY,1612912627
Derbent,42.0678,48.2899,44.87,87,72,6.15,RU,1612912628
Santana,-0.0583,-51.1817,80.6,89,75,8.05,BR,1612912629
Iguape,-24.7081,-47.5553,74.46,67,15,7.58,BR,1612912629
‘Āhuimanu,21.4447,-157.8378,77.0,46,1,17.27,US,1612912629
Mayuge,0.4597,33.4803,67.12,87,92,3.56,UG,1612912629
Damaturu,11.747,11.9608,71.33,19,69,8.75,NG,1612912630
Olinda,-8.0089,-34.8553,78.8,69,20,9.22,BR,1612912630
El Calvario,14.1167,-89.9167,73.78,63,49,6.78,GT,1612912631
Sinazongwe,-17.2614,27.4618,74.71,84,100,3.33,ZM,1612912631
Sisimiut,66.9395,-53.6735,18.18,82,0,3.49,GL,1612912631
Khipro,25.8285,69.3772,59.81,33,95,3.11,PK,1612912631
Maragogi,-9.0122,-35.2225,78.58,75,13,6.04,BR,1612912631
Nantucket,41.2835,-70.0995,35.01,100,90,9.22,US,1612912632
Yibin,28.7667,104.6238,51.53,68,0,2.15,CN,1612912632
Kaseda-shirakame,31.4167,130.3167,32.0,86,75,6.91,JP,1612912632
Sept-Îles,50.2001,-66.3821,10.0,51,20,10.36,CA,1612912632
Hay River,60.8156,-115.7999,-18.4,69,100,20.71,CA,1612912359
Grindavik,63.8424,-22.4338,30.2,100,90,9.22,IS,1612912632
Shimoda,34.6667,138.95,46.4,53,75,9.22,JP,1612912633
Rincon,32.296,-81.2354,62.6,88,90,3.44,US,1612912634
Qaqortoq,60.7167,-46.0333,33.8,29,20,36.82,GL,1612912634
Verāval,20.9,70.3667,68.7,45,50,11.74,IN,1612912634
Bétérou,9.1992,2.2586,75.16,16,27,4.79,BJ,1612912635
Lata,40.1629,-8.3327,57.0,90,84,4.0,PT,1612912635
Talnakh,69.4865,88.3972,-9.8,88,99,0.96,RU,1612912635
Chincha Alta,-13.4099,-76.1323,77.0,69,0,21.85,PE,1612912635
Portland,45.5234,-122.6762,46.99,53,20,4.61,US,1612912907
Suntar,62.1444,117.6319,-14.37,87,60,6.22,RU,1612912635
Toro,4.6117,-76.0814,77.0,65,20,4.61,CO,1612912635
Lakhīmpur,27.95,80.7667,57.69,56,100,2.42,IN,1612912636
Khani,41.9563,42.9566,48.2,87,0,9.22,GE,1612912636
George Town,5.4112,100.3354,78.8,88,20,1.14,MY,1612912470
Kabwe,-14.4469,28.4464,64.51,99,99,4.36,ZM,1612912636
Goderich,43.7501,-81.7165,15.8,73,92,5.75,CA,1612912467
Airai,-8.9266,125.4092,64.26,100,100,1.5,TL,1612912636
Gweta,-20.1833,25.2333,71.58,80,100,7.27,BW,1612912636
Kangaba,11.9333,-8.4167,78.67,18,0,4.43,ML,1612912637
Kinshasa,-4.3246,15.3215,74.5,87,100,3.42,CD,1612912450
Seguin,29.5688,-97.9647,66.2,55,1,11.5,US,1612912446
Nemuro,43.3236,145.575,20.01,89,65,10.65,JP,1612912637
Kwang Binh,17.4833,106.6,63.19,90,100,9.84,VN,1612912637
Knyaze-Volkonskoye,48.4642,135.4567,-0.4,60,20,8.95,RU,1612912637
Peniche,39.3558,-9.3811,57.99,82,83,21.0,PT,1612912638
Matagami,49.7502,-77.6328,1.4,92,75,2.89,CA,1612912638
South Valley,35.0101,-106.6781,64.0,8,75,19.57,US,1612912639
Mehamn,71.0357,27.8492,23.0,58,40,25.32,NO,1612912639
São José da Coroa Grande,-8.8978,-35.1478,78.82,74,12,6.35,BR,1612912639
Sabang,5.8933,95.3214,81.59,79,7,11.03,ID,1612912640
Rovaniemi,66.5,25.7167,-2.2,84,90,9.22,FI,1612912536
Fukuechō,32.6881,128.8419,41.0,87,40,4.61,JP,1612912641
Naghadeh,36.9553,45.388,41.45,66,69,4.18,IR,1612912641
Ayabaca,-4.6398,-79.7149,52.47,100,99,4.45,PE,1612912642
Catuday,16.2923,119.8062,76.78,75,95,9.13,PH,1612912642
Yinzhu,35.8786,119.9753,39.0,93,39,2.24,CN,1612912643
Bandarbeyla,9.4942,50.8122,74.05,72,93,19.84,SO,1612912643
Toora-Khem,52.4675,96.11,13.35,92,100,3.62,RU,1612912643
College,64.8569,-147.8028,-16.6,58,20,4.61,US,1612912351
Klyuchi,52.2667,79.1667,-2.81,90,100,14.54,RU,1612912643
Noumea,-22.2763,166.4572,84.0,74,40,10.36,NC,1612912345
Furtwangen im Schwarzwald,48.05,8.2,28.0,91,97,2.71,DE,1612912644
Punta de Bombón,-17.1717,-71.7931,72.19,80,48,6.55,PE,1612912644
Tessalit,20.1986,1.0114,67.53,20,0,10.02,ML,1612912644
Aykhal,66.0,111.5,-19.97,86,100,9.01,RU,1612912644
Conde,-7.2597,-34.9075,80.6,78,20,8.05,BR,1612912645
Cohoes,42.7742,-73.7001,25.0,90,88,1.48,US,1612912645
Sambava,-14.2667,50.1667,76.57,89,100,6.13,MG,1612912645
Sabha,27.0377,14.4283,59.47,31,25,7.34,LY,1612912645
Dalvik,65.9702,-18.5286,23.0,93,90,3.44,IS,1612912645
Berlevåg,70.8578,29.0864,23.0,79,75,14.97,NO,1612912645
Micheweni,-4.9667,39.8333,80.91,77,100,10.85,TZ,1612912646
Hongjiang,27.11,109.9956,46.2,91,100,2.75,CN,1612912646
Luba,3.4568,8.5547,81.86,79,36,10.8,GQ,1612912646
Greater Sudbury,46.49,-80.99,10.0,52,20,9.22,CA,1612912627
Gilgit,35.9221,74.3087,35.56,62,0,3.76,PK,1612912646
Arroyo de la Encomienda,41.6096,-4.7969,44.01,93,90,13.8,ES,1612912646
Arman',59.7,150.1667,13.62,87,100,19.06,RU,1612912647
Quatre Cocos,-20.2078,57.7625,77.0,83,40,9.82,MU,1612912647
Ucar,40.519,47.6542,51.8,58,0,6.91,AZ,1612912647
Chamba,32.5667,76.1333,52.93,38,14,7.9,IN,1612912647
Buala,-8.145,159.5921,79.52,87,75,12.21,SB,1612912648
Ratnagiri,16.9833,73.3,71.91,36,0,5.99,IN,1612912648
Yaan,7.3833,8.5667,80.85,15,0,3.53,NG,1612912648
Bereda,43.2686,-7.5406,43.0,98,100,10.0,ES,1612912649
Adrar,20.5022,-10.0711,64.13,24,40,9.73,MR,1612912649
Hofn,64.2539,-15.2082,31.73,94,100,9.37,IS,1612912649
La Santisima Trinidad,-14.8333,-64.9,80.6,89,75,6.91,BO,1612912492
Kyaukse,21.6,96.1333,62.11,56,0,3.69,MM,1612912649
Stornoway,58.2093,-6.3865,33.8,60,40,11.5,GB,1612912650
Juneau,58.3019,-134.4197,6.8,33,20,19.57,US,1612912364
General Roca,-39.0333,-67.5833,84.2,34,0,9.22,AR,1612912650
Talen,23.5667,76.7167,60.13,32,4,3.24,IN,1612912650
Shingū,33.7333,135.9833,42.8,52,20,11.5,JP,1612912650
Mutatá,7.2441,-76.4356,79.16,80,32,0.51,CO,1612912651
Bonavista,48.6499,-53.1147,33.01,93,100,14.97,CA,1612912651
Ikare,7.4913,5.2322,75.49,85,53,3.13,NG,1612912651
Ilulissat,69.2167,-51.1,17.6,49,0,4.61,GL,1612912651
Wad Medani,14.4012,33.5199,70.68,23,1,9.28,SD,1612912652
Atar,20.5169,-13.0499,64.8,26,1,8.43,MR,1612912652
Sistranda,63.7256,8.834,26.6,86,40,8.05,NO,1612912652
Frutigen,46.5878,7.6475,37.99,92,90,1.01,CH,1612912652
Labuhan,-6.8844,112.2051,77.94,85,96,8.72,ID,1612912653
Soyo,-6.1349,12.3689,78.64,81,100,1.16,AO,1612912653
Hirara,24.8,125.2833,66.2,72,75,14.97,JP,1612912653
Itacaré,-14.2775,-38.9967,76.28,85,43,7.11,BR,1612912654
Kasangulu,-4.5911,15.1708,70.68,94,100,3.74,CD,1612912654
Carberry,49.8689,-99.3602,-11.2,64,75,18.41,CA,1612912654
Arrondissement du Havre,49.5833,0.3333,26.6,80,90,18.41,FR,1612912654
Zavetnoye,47.1194,43.8903,37.54,91,57,14.67,RU,1612912654
Simao,22.7886,100.9748,41.54,95,1,2.26,CN,1612912391
Huayucachi,-12.1333,-75.2333,56.73,67,99,2.93,PE,1612912655
Opuwo,-18.0607,13.84,70.34,69,100,2.62,NA,1612912655
Kidal,18.4411,1.4078,69.21,20,21,4.85,ML,1612912655
Khilok,51.3674,110.4676,13.86,90,100,3.02,RU,1612912655
Mushie,-3.0167,16.9,76.73,80,100,2.84,CD,1612912656
Yatou,37.15,122.3833,35.17,90,1,9.55,CN,1612912656
Kutum,14.2,24.6667,57.25,37,73,9.01,SD,1612912656
Cullman,34.1748,-86.8436,61.0,55,1,4.85,US,1612912656
Cedar City,37.6775,-113.0619,48.2,31,90,9.22,US,1612912603
Kumul,42.8,93.45,33.24,79,61,6.06,CN,1612912656
Prince George,53.9166,-122.753,-6.0,64,40,9.22,CA,1612912657
Severnoye,56.3491,78.3619,-15.48,88,98,9.01,RU,1612912657
Kaniama,-7.5667,24.1833,68.38,94,100,1.66,CD,1612912657
Myitkyina,25.3833,97.4,55.54,70,0,1.86,MM,1612912657
Winneba,5.3511,-0.6231,82.4,89,40,9.22,GH,1612912658
Leshukonskoye,64.8989,45.7622,-12.46,90,96,0.45,RU,1612912658
Boundiali,9.5217,-6.4869,77.58,18,93,2.13,CI,1612912658
Abadan,38.0507,58.2056,51.8,66,20,4.61,TM,1612912658
Dunedin,-45.8742,170.5036,50.0,87,100,3.0,NZ,1612912659
Zyryanka,65.75,150.85,-18.2,86,0,5.28,RU,1612912659
Dobrić,44.7019,19.5814,45.0,90,25,5.01,RS,1612912659
São Miguel do Araguaia,-13.275,-50.1628,73.67,94,38,3.62,BR,1612912659
Puerto Madero,14.7208,-92.4215,86.0,62,20,11.5,MX,1612912659
Raudeberg,61.9875,5.1352,26.01,68,3,9.22,NO,1612912660
Aswān,24.0934,32.907,65.59,45,16,5.79,EG,1612912660
Mahon,39.8885,4.2658,57.2,94,40,16.11,ES,1612912660
Ust-Nera,64.5667,143.2,-1.88,83,59,6.29,RU,1612912660
Vestmanna,62.1564,-7.1664,30.2,74,70,1.14,FO,1612912660
Acapulco de Juárez,16.8634,-99.8901,84.2,70,1,13.8,MX,1612912660
Macia,-25.0269,33.0989,72.95,94,31,5.21,MZ,1612912661
Kununurra,-15.7667,128.7333,77.0,100,75,4.61,AU,1612912661
Sawtell,-30.3833,153.1,71.6,68,62,14.97,AU,1612912661
Creil,49.2567,2.4848,28.99,86,90,16.11,FR,1612912661
Ruteng,-8.6136,120.4721,64.99,100,100,0.96,ID,1612912661
Eyl,7.9803,49.8164,72.55,68,93,14.83,SO,1612912662
Ust-Maya,60.4167,134.5333,-23.98,85,20,1.97,RU,1612912662
Lobito,-12.3481,13.5456,76.73,79,99,2.1,AO,1612912662
Oranjestad,12.524,-70.027,80.6,74,20,17.27,AW,1612912476
Puerto Escondido,15.85,-97.0667,84.2,74,40,8.05,MX,1612912662
Bell Ville,-32.6259,-62.6887,71.01,84,98,1.99,AR,1612912663
Laela,-8.5667,32.05,61.57,97,100,1.74,TZ,1612912663
Waddān,29.1614,16.139,59.49,30,0,4.47,LY,1612912663
Kumluca,36.3703,30.2869,58.5,72,40,6.55,TR,1612912663
Havelock,34.8791,-76.9013,62.01,94,75,3.44,US,1612912639
Tazmalt,36.3868,4.3989,55.81,59,66,6.4,DZ,1612912664
Aras,42.5617,-2.356,41.0,93,20,2.3,ES,1612912664
Samarinda,-0.5,117.15,75.22,96,34,0.83,ID,1612912664
Dhāri,21.3333,71.0167,61.84,43,62,5.79,IN,1612912664
Novy Urengoy,66.0833,76.6333,-23.89,86,76,10.74,RU,1612912664
Koundara,12.4833,-13.3,82.17,16,71,5.3,GN,1612912665
Yar-Sale,66.8333,70.8333,-23.31,86,5,10.11,RU,1612912665
Joshīmath,30.5667,79.5667,45.84,42,92,6.26,IN,1612912665
Kushikino,31.7167,130.2667,32.0,86,75,6.91,JP,1612912665
Dayong,25.0209,118.2898,60.8,77,90,2.24,CN,1612912665
Senanga,-16.1167,23.2667,69.3,95,100,5.01,ZM,1612912666
Southampton,50.904,-1.4043,30.99,57,76,5.99,GB,1612912652
Altamont,42.2068,-121.7372,48.2,37,90,9.22,US,1612912529
Imbituba,-28.24,-48.6703,75.2,83,20,4.61,BR,1612912666
Yerofey Pavlovich,53.9667,121.9667,-3.59,91,12,2.75,RU,1612912666
Ruska Poliana,49.417,31.9201,17.24,96,83,1.3,UA,1612912667
Sola,-13.8833,167.55,82.04,72,94,3.83,VU,1612912667
Dhidhdhoo,6.8833,73.1,80.83,69,5,5.73,MV,1612912667
Vredendal,-31.6683,18.5012,67.8,54,0,2.53,ZA,1612912667
Kushima,31.4583,131.2333,39.2,65,20,9.22,JP,1612912668
Eirunepé,-6.6603,-69.8736,77.92,93,77,2.44,BR,1612912668
Tocopilla,-22.092,-70.1979,70.5,69,31,6.69,CL,1612912668
Verkhoyansk,67.5447,133.385,-20.06,80,100,0.72,RU,1612912668
